First name,Last name,Class,Position Of Play,Mobile Number,Email,Photo
Divesh,Sharma,D14C,Defender,+91 9619966580,diveshsharma21@gmail.com,140
Kunal,Dodeja,D12B,CDM/RB/RM/LM,9967296710,kunal.dodeja007@gmail.com,141
Karan,Ramdas,D11-A,Rb or lb ,9833319593,Karanramdas95@gmail.com,142
Parmeen,Bindra,D6B,RM,9049399400,parmeen.bindra@gmail.com,143
Clive Aaron,Dsouza,D6A,CAM/CDM/CF,9702381826,cliveaarondsouza@gmail.com,144
Prathamesh,Bhosle,Mca3a,Striker or right wing,9664845096,bhosle90prathamesh@gmail.com,145
Ayush,Kalla,D 10 ,"Defender, Midfield",9619220943,ayushkalla2050@gmail.com,146
Romit,Bonkar,D7A,CDM,9167346126,romitbonkar46@gmail.com,147
prashant,chand,d14a,cdm,8286726915,chandprashant893@gmail.com,148
Rahul,Shewani,D17C,Right wing,8087956421,rahul.shewani@ves.ac.in,149
Cristiano,Ronaldo,Apart,Forward,7777777777,ronaldo.cristiano@madrid.com,150
Farhan,Khan,FE 6,Midfielder ,7045757711,farkhan000@gmail.com,151
SHARDUL,MALVANKAR,D6A,MIDFIELDER / DEFENDER,9503904793,shardul.malvankar@ves.ac.in,152
Manish,Khilnani,D14B,"Striker , Midfield , Defend",9096331145,manish.khilnani.mk@gmail.com,153
Pratik,majalkar,D8 ,"Goal keeper, defence, forward",9892576208,majalkarpratik@gmail.com,154
Uddesh,Karda,D10,Defender,9975909546,ukarda@gmail.com,155
Rugved,Sawant,D14B,"Left Wing, Right Wing",9769212596,rugvedjft96@gmail.com,156
Pranav,Musale,D8,Left Wing/Left Back,9773800599,musalepranav@gmail.com,157
Soham,Mehta,D6B,Goalkeeper/CDM,9930093303,Soham.mehta@ves.ac.in,159
Avishkar,Chawla,D14A,"CDM,ST",8108619925,avishkar.chawla@ves.ac.in,160
Shubham,Bangar,D7A,"Rw, Rb ",7208331868,shubham.bangar@gmail.com,161
Sarvesh,Kulkarni,D14A,Defender/Midfielder,9920732790,sarveshk2796@gmail.com,162
Nalin,Gangani,D9A,Central Midfielder ,9664339179,nalingangani3@gmail.com,163
Kartik,Oswal,D14B,ST,7588864911,kartik.oswal@ves.ac.in,164
Gokul,shah,MCA 2B,"Right Back(RB), Also can play Right half",8097301884,gokul.shah@ves.ac.in,165
Utkarsh,Pathak,FE-6,center back,9820315723,utkarshpathak027@gmail.com,166
Bryan,Rathos,D18,"Midfield, Attack",9769839777,bryanrathos@gmail.com,167
Dhiren,Bajaj,D19-C,"CDM, CM",9820546472,dhiren.bajaj@ves.ac.in,168
Ajit,Krishnamoorthy,D9A,"CB, CM",9167402275,dragonballajit@gmail.com,169
Abhishek,Manurkar,D6A,CAM,8898283739,sastureabhishek@gmail.com,170
Aayush,Nair,D6-A,LW,8454040821,aayush.nair21@gmail.com,171
Aadesh,Kulkarni,D17-C,Midfield,9757247020,aadesh.kulkarni@ves.ac.in,172
Niket,Kanoongo,D7C,Goalkeeper ,9987513897,niket.kanoongo@ves.ac.in,173
Akshit,Batheja,D12 A,Defense (CB),9423991041,akshitbatheja29@gmail.com,174
piyush,thoravat,D9A,LM/CM,9967997707,piyush.201096@gmail.com,175
Vivek,Ahuja,D17c,Goal keeper,9028428648,Vivekahuja00@gmail.com,176
nikhil,more,d13,mid fielder ,9594046402,nikhilmore050@gmail.com,177
Tarun,Dash,D17B,Defender ,9833118225,tarun.dash@ves.ac.in,178
Mandar,Patil,D17C,"RB, RM",9619575599,mandar.patil@ves.ac.in,179
Aditya,Gavane,D-10,right winger ,9821270584,adityagawane316@gmail.com,180
Sarthak,Khanna,Fe-4,1) Forward Right Wing 2) Forward Left Wing 3) Mid Left Wing,918826831316,sarthakhanna@gmail.com,181
Nishit,Ahuja,Fe-5,Mid fielder/winger,9967855827,nishitahuja@gmail.com,182
Ahmed,Kadri,Fe7,Goal keeper,9930236154,rohansharma2546@gmail.com,183
Piyush,Mangtani,Fe5,"Defender(Right Back) , GoalKeeper ",9167696402,piyushmangtani@yahoo.in,184
Raunak,Khithani,D-15,"Cb,rb",9167443929,Raunak.khitani@ves.ac.in,185
Pranav,Belani,D19C,Midfielder ,9619148818,pranavbelani09@gmail.com,186
Mayank,Harwani,D11B,"Midfield,  defence",7276623590,Harwanim5@gmail.com,187
Rahul,Soshte,FE5,defender,9321187149,rahul.soshte47@gmail.com,188
Mohit,Changlani,D-15,Defender,8149061148,mohit.changlani@ves.ac.in,189
Aaron,Thomas,D12B,Defender,9029992506,aarontcopal2@gmail.com,190
Mithilesh,Tarkar,MCA - 1st Year,Center Mid Field/Forwards/Striker,9769067349,mithilesh.tarkar@gmail.com,191
prathamesh,patil,D6A,"RB,LB",8097974729,prathameshpatil09@gmail.com,192
Vikram,Vijayaraghavan,MCA 3B,Striker,9920765452,vikram.vijayaraghavan@ves.ac.in,193
Bhavesh,Singh,D11B,"Central forward, wings.",9757026689,bhavesh50singh@gmail.com,194
Viraj,Wani,FE - 2,Midfielder,9869683380,waniviraj97@gmail.com,195
Rohit,Singh,FE6,Centre Back/Full back,9702471946,rohit.singh2579@gmail.com,196
Aditya,Sharma,D6b,"CDM,RB",9969578859,aditya.sh28@gmail.com,197
ABHISHEK,KAMBLE,FE 6,GOALKEEPER,8082051474,ak8299229@gmail.com,198
Takshan,Shetty,FE 2,"Right back, Center midfielder.",9167722787,takshanshetty07@yahoo.co.in,199
AKASH,PATIL,D7B,RIGHT WING,9757052196,akashpatil96@gmail.com,200
Hrushikesh,Patil,MCA #A,RH ,8082273593,hrushikesh.patil@ves.ac.in,201
Anurag,Gangal,D17C,Defence/Midfield,9920179590,anurag.gangal@ves.ac.in,202
Vinay,Singh,MCA 1A,LAB/RAB,8097440026,singh.vinay.kalyan@gmail.com,203
Sagar,Wadhwa,Fe5,Defenece,8080757500,sagar.wadhwa@hotmail.com,204
Sagar,Wadhwa,Fe5,Defenece,8080757500,S.w.sagar.wadhwa@gmail.com,205
Roshan,Kurien,D8,LW or RW,9920683407,roshan.kurien@ves.ac.in,206
Raunak,Patil,D-13,Cdm,9930538423,raunak.patil@ves.ac.in,207
Varun,Joshi,D8,Attacker RW or LW,9820671925,vrnjoshi1@gmail.com,208
Aniket,Ozarkar,Fe2,"Defence,midfield",9757365459,ozarkaraniket@gmail.com,209
Pratik,Shukla,D14,Left back(defender) ,8689830067,pratikshukla52@gmail.com,210
sashwin,adnani,D7B,defense,9022358080,sashwinadnani3@gmail.com,211
Shashank,Agnihotri,D7C,Centre Forward,9076324001,shashank.agnihotri@ves.ac.in,212
Deepesh,Haryani,FE9,Middfilder/Forward,9762263373,deepesh_pune1996@rediffmail.com,213
Siddharth,Bellani,D7-C,Goal Keeper,8080584504,sbellani96@gmail.com,214
Saket,Ghule,D8,Left midfield ,9405783303,sghule0@gmail.com,215
Saurabh,Dhokale,D8,CAM,9029029151,saurabhd52@gmail.com,216
Sagar,Raisinghani,FE3,Midfielder ,8411011058,sagar.raisinghani101@gmail.com,217
Harsh,Jain,FE-9,striker,9619364367,harshjainhrkj99@gmail.com,218
Vikat,Raut,D13,Defender/Midfielder,7798152361,vikat.raut10@gmail.com,219
Manmeet singh,khalsa,1st year mca,Goalkeeper,7507591801,sr.manmit58@rediffmail.com,220
kirit,kumbhare,d6A,midfielder(winger),8097118947,kirit.kumbhare@ves.ac.in,221
Jay,Anjankar,D11A,1st pref:: Full back. 2nd: Midfielder,9819761689,anjankarjay@gmail.com,222
KHUSHAL,SAHITA,D9A,BATSMAN(CRICKET),8149540985,sahitakhushal85@gmail.com,223
KHUSHAL,SAHITA,D9A,BATSMAN(CRICKET),8149540985,chandajsahita@gmail.com,224
Kabir,Sachdev,FE 6,"Center Midfield,Wing",8080559344,sachdev.kabir17@gmail.com,225
Shivraj,Koli,Fe 2,Left winger,9757392404,Kolishivraj459@yahoo.com,226
Babu,Adik,FE2,defence,9820818190,adik.chelseafc@gmail.com,227
Sanket,Mhatre,D7B,GK,9892130913,sanketmhatre26@gmail.com,228
TAGAD,PRATHAMESH,D11B,MIDFIELDER,8879580705,prathameshtagad03@gmail.com,229
BHAVIK,JAIN,FE-3,Attacking Midfield,9022312766,jainbhavik97@gmail.com,230
Kunaal,Sidhwani,D 8 ,Midfeild,9619308785,kunaal.sidhwani@gmail.com,231
Yash,Patil,FE 8,MIDFIELDER,9420278159,yashpatilk5@gmail.com,232
Yash,Saraf,D9B,Center back,9769403186,yash.saraf@ves.ac.in,233
Dhiren,Chandnani,D12-A,"Winger,striker,midfielder",9867102116,dhirensc65@gmail.com,234
Ravi,Prasad,D9B,"RW,RB,CB",9969883338,raviprasad1996@gmail.com,235
Mohit,Wadhwa,D14B,Defender or midfielder ,7666596665,mohitwadhwadone@gmail.com,236
Prem,Kalwani,D7B,"Striker,wings,centre forward",8655211780,premkalwani13@gmail.com,237
Samarth,Ladia,D12B,Defence,919819839807,sam.ladia95@gmail.com,238
Mishall,Swain,Fe-9,Defence,9619395589,mishalls765@gmail.com,239
Rohit,Kumaravelan,Fe-8 (extc),Midfielder,8879186587,rohit.kumaravelan@gmail.com,240
Kshitij,Sutar,FE-3,Goalkeeper,9322289574,kshitijsutar@yahoo.com,241
Sunmay,Agharkar,FE3,"midfielder,defender",7506070180,sunmay24@gmail.com,242
Nikhil,Raghani,D14-A,Goalkeeper,9833310646,nikhil3r@gmail.com,243
navdeep,gandhi,d14a,goalkeeper,8787670674340,navdeepgandhi95@gmail.com,244
Prathamesh,Sawant,MCA3A,Striker,9920957550,prathamesh.sawant@ves.ac.in,245
manoj,rawat,d11b,midfilder,8898634675,mr877787.mr@gmail.com,246
shantanu,shende,D6b,"Midfielder, goalkeeper ",919820330567,shantanushende@ymail.com,247
Yash,Vig,FE1,LEFT BACK,8767904855,9.10.yash@gmail.com,248
Nilesh,Dhongade,D11 B,Mid fielder,8898979251,nileshdhongade07@gmail.com,249
Labhesh,Valechha,FE3,Defence/Mid.,9404786002,labheshvalechha@gmail.com,250
Vishaak,Narayan,D 11 A,Left wing ,9820908979,vishaakn@gmail.com,251
Aditya,Gudal,FE-1,Cam or cdm,9769996542,adityarocksfootball@gmail.com,252
Harshal,Jasnani,D11B ,Rw Rm ,9768089128,harshal.jasnani@gmail.com,253
KANWALJEET,Singh,D9 A,Defence,7208561258,kanwaljeetsingh.basur@ves.ac.in,254
Kartik,Agashe,FE-1,"center attacking midfield,striker",9969921500,kartikagashe@yahoo.co.in,255
nikhil,punjabi,fe4,goalkeeper ,8767552569,vivek.kundnani@ves.ac.in,256
Aditya,Shrivastava,FE1,CB,9167191795,adishrivastava04.as@gmail.com,257
Hashmeet singh,chaudhery,D6A,goalkeeper,9029604704,hashmeetchaudhery@gmail.com,258
Abhishek,Mehta,D7C,Goalkeeper,9594551902,muzic.maniac7@gmail.com,259
yash,ahuja,295421,69,6521651651,5891941aa@nij.com,260
amey,bara,D12A,Test,1234567890,amey.barapatre@ves.ac.in,261
Nikhil,Vatwani,D7b,"Mid, defence, strike",9552799639,nikhilvatwan@gmail.com,262
Kaushal,Madhyani,D14 A,Defender,9833809645,kaushal_9994@yahoo.com,263
Nitin,Bishwakarma, MCA 1st year(morning batch),Center forwarder,7057811523,bishwa.nitin9@gmail.com,264
Jibran,Nakhwa,D6a,Centre maid,9819408145,nakhwajibran@gmail.com,265
Advait,Mohile,D6A,Goal Keeper,9930623684,madvait19@gmail.com,266
saurabh,tripathi,D10,Defender & Mid,8286445277,saurabh.tripathi@ves.ac.in,267
Shivam,Walanj,D9A,Defence,9892925172,w.shivam11@gmail.com,268
Vignesh,Subramanian,FE 5,"Midfielder, Full back, Goalkeeper",9172328077,vignesh2997@gmail.com,269
ARUN,VENKATACHALAM,D9A,MIDFIELD,9920209456,arunvenkatesh96@gmail.com,270
1111,1111111111,1111111111111,111111111111111000,11111111111111,AA@AA.COM,271
Rahul,Talwar,D9-B,"Right forward, striker",7738930300,Talwarrahul92@gmail.com,272
Pranav,Parab,FE2,Defender,9987783598,pranavparab28@gmail.com,273
Vignesh,Shankar,D11-A,Mid,9930697522,Vsncool@gmail.com,274
Tony,Iyer,FE3,ST,9821054544,tiyert@gmail.com,275
SHRIRAM,RAJARAMAM,Fe 4,Goalkeeper,9768180236,incredibleramu@gmail.com,276
Abhishek,Talnikar,D17C,Goalkeeper/Striker,9004628579,abhishektalnikar93@gmail.com,277
Madhuresh,Pandey,FE-4,Centre attacking midfielder,9869714885,madhureshrox97@gmail.com,278
nehank,poilkar,mca 2-B,defender,9920386497,nehankpoilkar.136@gmail.com,279
padmaj,manore,D6A,right back,9987443344,padmaj.manore@gmail.com,280
Abhishek,Salian,D18,CAM,9987386389,friendlyabhi4u@gmail.com,281
Bilal,Syed,D8,Defence,9969283012,syed_bilal786@rocketmail.com,282
Sai Anukth,Muddana,Fe 1,Defender or Midfield,9820909662,sam29rush@gmail.com,283
Sanchit,Singhal,D13,Goalkeeper and defence,9004854195,sanchit.singhal@ves.ac.in,284
Neeraj,Jethnani,D7B,"CM, CDM, RB",9920745441,jethnani.neeraj@yahoo.com,285
sahil,koul,D9B,defence,9819959171,sahilkoul731@gmail.com,286
Lakshyajit,Patra,FE 1,Defender,9167079233,lakshyajitpatra@gmail.com,287
Anirudh,Roy,FE4,"CM,Left Winger",9820947139,arqwerty99@gmail.com,288
Anirudh,Roy,FE4,"CM,Left Winger",9820947139,arqwerty97@gmail.com,289
VIPUL,CHERIYAMOOZHIKAL,FE-6,CM,8097234363,vipulvarghese1211@gmail.com,290
NIKHIL,PRABHU,D6A,CENTRAL MIDFIELD,9833459859,nikhilprabhu060@gmail.com,291
NIKHIL,PRABHU,D6A,CENTRAL MIDFIELD,9833459859,nikhil.prabhu@ves.ac.in,292
Sooraj,Holla,D10,CM,9930338890,soorajholla@yahoo.in,293
NIKHIL,PRABHU,D6A,CM,9833459859,nikhil.prabhu@ves.ac.ic,294
Ankit,Gone,FE-6,Mid Position,9764211611,ankitgone94@gmail.com,295
Harsh,Mistry,D13(TE-Instrumentation),Forward ,9821155052,harsh.mistry@ves.ac.in,296
Pranit,Desai,D 11 A,Goalkeeper,9969375861,pranit.desai26@gmail.com,297
Palash,Pandey,D 11 A,"Striker, cam",8879303694,palashpandey95@gmail.com,298
Dangwani,Praveen,FE-9 (IT),"Defender,goal keeper.",9011997741,Praveendangwani92@gmail.com,299
Siddharth,Rana,D14C,"Cdm,CM,Rb",8080466863,siddharthrana95@gmail.com,300
Nimesh,Doolani,D7-B,Right midfield,7666644400,nimscool@yahoo.in,301
Saurabh,Verma,FE3 (COMPUTER),Left Winger,9011727504,imverma12@gmail.com,302
Harleen,Malhotra,FE1,"ST , CAM",9619377397,harleen0000@gmail.com,303
Siddhant,Yeole,FE-1,Defender,9619701297,siddhant.yeole@gmail.com,304
Gautam,Chhabria,D7-C,Midfield/Defence,9821670839,gautam.chhabria@ves.ac.in,305
Etish,Talreja,D11B,"Midfield ,Attacker ",9764800803,Etish140@gmail.com,306
Tarun,Mangtani,D9A,"Wing,mid,defence any of them will be fyn",9850009283,Tarunmangtani25@gmail.com,307
Tanmay,Zope,D8,Centre/Right Defence,9833384735,tanmayzope@gmail.com,308
VIVEK,MANE,First Year Engineering,Forward or mid field,9892322386,vivekmane011@gmail.com,309
Neeraj,Pal,D12C,"Midfield, Defence.",8652585032,neerajpal1715@gmail.com,310
Nikhil,Shetty,D9A,"right back,right wing",9819031293,nshetty0497@gmail.com,311
Adheesh,Juvekar,FE-9,"RWM,RM,GK",9757322862,juvekaradheesh@gmail.com,312
Sachin,Palve,D11-b,Defence,8767282799,Sachin.palve13@gmail.com,313
Palash,Pandey,D11 -a,"Cam,sriker",8879303694,Palash.pandey@ves.ac.in,314
Sandesh,Ambhore,FE 6,Right back,8454973215,Sandesh.queeksilver3@gmail.com,315
paras,suri,fe 6,defence,9867029194,parassuri.mail@gmail.com,316
Anurag,Sarang,FE 6,"CAM,",9167197083,anuragsarang@gmail.com,317
Gaurav,ail,fe4,Cdm,9769700916,ail.gaurav10@gmail.com,318
NUMAN,PATEL,D6B,CM/CF/WING,9594630978,numan11496@gmail.com,319
Sanket,Raut,D14B,Defense,8655867363,sanketraut991@gmail.com,320
Shantanu,Mulay,D18,Midfield,9930022909,Shantanumulay20@yahoo.co.in,321
Chinmay,Vad,D16-A,GK,919987514828,chinmay.9@gmail.com,322
Siddhesh,Bandekar,D8,Defence,9975486667,siddhesh.bandekar@ves.ac.in,323
Vijay,Singh,MCA 1st year afternoon batch ,Defender,8976161746,vijayswap.singh@gmail.com,324
Keyur,Daswani,D9A,Goal keeper,8149486089,keyurdaswani14@gmail.com,325
Sagar,Borkhatariya,D9C,Winger(right),8450908368,sagarborkhatariya@gmail.com,326
Nachiket,Patwardhan,D7-A,Midfielder,9405308807,nachiketmpatwardhan@gmail.com,327
Karan,Daryani,D14A,CB,8080044691,karan.daryani@ves.ac.in,328
Harivenkatesh,Murugesan,D9B,Midfielder,9029186169,harivenkatesh33@gmail.com,329
nikhil,ahuja,d9A,mid defence,9029542162,nikhil95ahuja@yahoo.in,330
Omkar,Inamdar,D8,defense-right back,9768775167,omkar.v.inamdar@gmail.com,331
Sarthak,Singh,D14A,Right wing,9819403671,sarthak.singh@yahoo.co.in,332
Pawan,Patil,Mca 1st year Afternoon shift,Left Center forward,9869102150,h4ck3rw1th1n@gmail.com,333
Nikhil,Hassanandani,D9A,Defence,9004583616,nik1211@outlook.com,334
mihir,patange,d6a,center back defense,7208737743,mihir.patange@ves.ac.in,335
Kadri,Arbaaz,D9-C,Attacking Midfielder,9930362498,arbaazkadri28@gmail.com,336
Kunal,Thadhani,D9B,"Midfielder, striker",9156899048,kunal.thadhani@ves.ac.in,337
Varun,Rajpal,D14b,Goalkeeper,9820374603,varunrajpal.vr@gmail.com,338
Gaurav,Duseja,D14a,Cb,7208282251,gauravduseja57@gmail.com,339
Gaurav,Duseja,D14a,Cb,7208282251,gaurav.duseja@ves.ac.in,340
Sumedh,Kurhe,D6-B,Defence/mid,8898490729,kurhesumedh@gmail.com,341
rohan,jathanna,mca 2nd yr 1st shift,midfielder,9619440710,rohan.jathanna@ves.ac.in,342
Saadan,Khan,MCA2A,Defensive Midfield,8767945577,saadan.khan@ves.ac.in,343
Mike,Jagger,D9,Defence,9833878042,mikeylovedbz@gmail.com,344
Ameya,Bhave,D7A,Striker,9920362891,bhaveameya28@gmail.com,345
Manish,Bharthi,D20,"right wing, center half",9022170140,manish.bharthi@ves.ac.in,346
Prasann,Desai,D20,Midfielder,9892922354,prasann.desai@ves.ac.in,347
Rahul,Mhatre,D13,"Striker, winger ",8975695670,rahul.mhatre@ves.ac.in,348
Sumeet,Mandaogade,MCA 1B,CB,9404238379,mandaogadesumeet@gmail.com,349
Zoha,Qureshi,D16A,Defense,7666163641,zzoha9432@gmail.com,350
Sajjan,Jha,D16B,goalkeeper,9819029166,sajjan.jha@ves.ac.in,351
Saurabh,Bhirud,D16B,centre back,9579140567,saurabh.bhirud@ves.ac.in,352
Pruthvi,Dubey,D16B,Goalkeeper,9820219275,pruthvi.dubey@ves.ac.in,353
Swanand,Anandgaonkar,D16A,Right Back,8275318441,swanand.anandgaonkar@ves.ac.in,354
VASANTHARAJ,GOVINDAN,D6-A,LB,7506837975,vasantharaj.govindan@ves.ac.in,355
Ashwini kumar,Gupta,D9A,defender ,9022855673,ashwinikumar.gupta@ves.ac.in,356
Kshitij,Sutar,FE-3,Goalkeeper,9322289574,kshitijsutar@yahoo.in,357
Udaish,Dadroo,D13,Forward,8879446492,Udaish.95@gmail.com,358
Ashish S.,Somdatt,MCA 1B,Middle Left,8275556819,ashish.saiwal1@gmail.com,359
Shubham,Khairnar,MCA 1,Left Defender,9689272569,skhairnar607@gmail.com,360
Vruahal,Kamtikar,D12B,Defence,9833665147,vrushal.arsenal@gmail.com,361
Vrushal,Kamtikar,D12B,Defence,9833665147,vrushal.kamtikar@ves.ac.in,362
Sharath,Rao,D11,Midfielder,9869703878,sharath.rao@ves.ac.in,363
Saurav,Adwani,D17C,Striker,9405416925,Saurav.adwani@ves.ac.in,364
